function	baseline_runner	high_precision_runner	harness	sources	baseline_result_dir	high_precision_result_dir	priority	alarm_detail	work_note
root_s32_mul_s32_s16_fac_less1	scripts/run_root_s32_mul_s32_s16_fac_less1_baseline.sh	scripts/high_precision/run_root_s32_mul_s32_s16_fac_less1_high_precision.sh	harnesses/P0/eva_main_root_s32_mul_s32_s16_fac_less1.c	src_analysis/sources/mul_Ccode.c;src_analysis/sources/MulHword.c	results/baseline/root_s32_mul_s32_s16_fac_less1	results/high_precision/root_s32_mul_s32_s16_fac_less1	P0	reports/alarm_details/root_s32_mul_s32_s16_fac_less1.md	reports/work_notes/root_s32_mul_s32_s16_fac_less1_work_report.md
root_s32_mul_s32_s8_fac_less1	scripts/run_root_s32_mul_s32_s8_fac_less1_baseline.sh	scripts/high_precision/run_root_s32_mul_s32_s8_fac_less1_high_precision.sh	harnesses/P0/eva_main_root_s32_mul_s32_s8_fac_less1.c	src_analysis/sources/mul_Ccode.c;src_analysis/sources/MulHword.c	results/baseline/root_s32_mul_s32_s8_fac_less1	results/high_precision/root_s32_mul_s32_s8_fac_less1	P0	reports/alarm_details/root_s32_mul_s32_s8_fac_less1.md	reports/work_notes/root_s32_mul_s32_s8_fac_less1_work_report.md
root_s32_mul_s32_u16_fac_less1	scripts/run_root_s32_mul_s32_u16_fac_less1_baseline.sh	scripts/high_precision/run_root_s32_mul_s32_u16_fac_less1_high_precision.sh	harnesses/P0/eva_main_root_s32_mul_s32_u16_fac_less1.c	src_analysis/sources/mul_Ccode.c;src_analysis/sources/MulHword.c	results/baseline/root_s32_mul_s32_u16_fac_less1	results/high_precision/root_s32_mul_s32_u16_fac_less1	P0	reports/alarm_details/root_s32_mul_s32_u16_fac_less1.md	reports/work_notes/root_s32_mul_s32_u16_fac_less1_work_report.md
root_s32_mul_s32_u8_fac_less1	scripts/run_root_s32_mul_s32_u8_fac_less1_baseline.sh	scripts/high_precision/run_root_s32_mul_s32_u8_fac_less1_high_precision.sh	harnesses/P0/eva_main_root_s32_mul_s32_u8_fac_less1.c	src_analysis/sources/mul_Ccode.c;src_analysis/sources/MulHword.c	results/baseline/root_s32_mul_s32_u8_fac_less1	results/high_precision/root_s32_mul_s32_u8_fac_less1	P0	reports/alarm_details/root_s32_mul_s32_u8_fac_less1.md	reports/work_notes/root_s32_mul_s32_u8_fac_less1_work_report.md
root_u32_mul_u32_s16_fac_less1	scripts/run_root_u32_mul_u32_s16_fac_less1_baseline.sh	scripts/high_precision/run_root_u32_mul_u32_s16_fac_less1_high_precision.sh	harnesses/P1/eva_main_root_u32_mul_u32_s16_fac_less1.c	src_analysis/sources/mul_Ccode.c;src_analysis/sources/MulHword.c	results/baseline/root_u32_mul_u32_s16_fac_less1	results/high_precision/root_u32_mul_u32_s16_fac_less1	P1	reports/alarm_details/root_u32_mul_u32_s16_fac_less1.md	reports/work_notes/root_u32_mul_u32_s16_fac_less1_work_report.md
root_u32_mul_u32_s32_fac_less1	scripts/run_root_u32_mul_u32_s32_fac_less1_baseline.sh	scripts/high_precision/run_root_u32_mul_u32_s32_fac_less1_high_precision.sh	harnesses/P1/eva_main_root_u32_mul_u32_s32_fac_less1.c	src_analysis/sources/mul_Ccode.c;src_analysis/sources/MulHword.c	results/baseline/root_u32_mul_u32_s32_fac_less1	results/high_precision/root_u32_mul_u32_s32_fac_less1	P1	reports/alarm_details/root_u32_mul_u32_s32_fac_less1.md	reports/work_notes/root_u32_mul_u32_s32_fac_less1_work_report.md
root_u32_mul_u32_s8_fac_less1	scripts/run_root_u32_mul_u32_s8_fac_less1_baseline.sh	scripts/high_precision/run_root_u32_mul_u32_s8_fac_less1_high_precision.sh	harnesses/P1/eva_main_root_u32_mul_u32_s8_fac_less1.c	src_analysis/sources/mul_Ccode.c;src_analysis/sources/MulHword.c	results/baseline/root_u32_mul_u32_s8_fac_less1	results/high_precision/root_u32_mul_u32_s8_fac_less1	P1	reports/alarm_details/root_u32_mul_u32_s8_fac_less1.md	reports/work_notes/root_u32_mul_u32_s8_fac_less1_work_report.md
rotateLeft	scripts/run_rotateLeft_baseline.sh	scripts/high_precision/run_rotateLeft_high_precision.sh	harnesses/P0/eva_main_rotateLeft.c	src_analysis/sources/rotatefunc.c	results/baseline/rotateLeft	results/high_precision/rotateLeft	P0	reports/alarm_details/rotateLeft.md	reports/work_notes/rotateLeft_work_report.md
rotateRight	scripts/run_rotateRight_baseline.sh	scripts/high_precision/run_rotateRight_high_precision.sh	harnesses/P0/eva_main_rotateRight.c	src_analysis/sources/rotatefunc.c	results/baseline/rotateRight	results/high_precision/rotateRight	P0	reports/alarm_details/rotateRight.md	reports/work_notes/rotateRight_work_report.md
s16_cos_u32	scripts/run_s16_cos_u32_baseline.sh	scripts/high_precision/run_s16_cos_u32_high_precision.sh	harnesses/P0/eva_main_s16_cos_u32.c	src_analysis/sources/trig_Ccode.c	results/baseline/s16_cos_u32	results/high_precision/s16_cos_u32	P0	reports/alarm_details/s16_cos_u32.md	reports/work_notes/s16_cos_u32_work_report.md
s16_div_s32_s16	scripts/run_s16_div_s32_s16_baseline.sh	scripts/high_precision/run_s16_div_s32_s16_high_precision.sh	harnesses/P1/eva_main_s16_div_s32_s16.c	src_analysis/sources/div_Ccode.c	results/baseline/s16_div_s32_s16	results/high_precision/s16_div_s32_s16	P1	reports/alarm_details/s16_div_s32_s16.md	reports/work_notes/s16_div_s32_s16_work_report.md
s16_div_s32_u32	scripts/run_s16_div_s32_u32_baseline.sh	scripts/high_precision/run_s16_div_s32_u32_high_precision.sh	harnesses/P0/eva_main_s16_div_s32_u32.c	src_analysis/sources/div_Ccode.c	results/baseline/s16_div_s32_u32	results/high_precision/s16_div_s32_u32	P0	reports/alarm_details/s16_div_s32_u32.md	reports/work_notes/s16_div_s32_u32_work_report.md
s16_fac05_div_s16_s16	scripts/run_s16_fac05_div_s16_s16_baseline.sh	scripts/high_precision/run_s16_fac05_div_s16_s16_high_precision.sh	harnesses/P1/eva_main_s16_fac05_div_s16_s16.c	src_analysis/sources/div_Ccode.c	results/baseline/s16_fac05_div_s16_s16	results/high_precision/s16_fac05_div_s16_s16	P1	reports/alarm_details/s16_fac05_div_s16_s16.md	reports/work_notes/s16_fac05_div_s16_s16_work_report.md
s16_fac05_div_s16_u16	scripts/run_s16_fac05_div_s16_u16_baseline.sh	scripts/high_precision/run_s16_fac05_div_s16_u16_high_precision.sh	harnesses/P1/eva_main_s16_fac05_div_s16_u16.c	src_analysis/sources/div_Ccode.c	results/baseline/s16_fac05_div_s16_u16	results/high_precision/s16_fac05_div_s16_u16	P1	reports/alarm_details/s16_fac05_div_s16_u16.md	reports/work_notes/s16_fac05_div_s16_u16_work_report.md
s16_hip1_s16_s8_s8_u16_fac1	scripts/run_s16_hip1_s16_s8_s8_u16_fac1_baseline.sh	scripts/high_precision/run_s16_hip1_s16_s8_s8_u16_fac1_high_precision.sh	harnesses/P1/eva_main_s16_hip1_s16_s8_s8_u16_fac1.c	src_analysis/sources/hip_Ccode.c	results/baseline/s16_hip1_s16_s8_s8_u16_fac1	results/high_precision/s16_hip1_s16_s8_s8_u16_fac1	P1	reports/alarm_details/s16_hip1_s16_s8_s8_u16_fac1.md	reports/work_notes/s16_hip1_s16_s8_s8_u16_fac1_work_report.md
s16_hip1_s16_u8_u8_u16_fac1	scripts/run_s16_hip1_s16_u8_u8_u16_fac1_baseline.sh	scripts/high_precision/run_s16_hip1_s16_u8_u8_u16_fac1_high_precision.sh	harnesses/P1/eva_main_s16_hip1_s16_u8_u8_u16_fac1.c	src_analysis/sources/hip_Ccode.c	results/baseline/s16_hip1_s16_u8_u8_u16_fac1	results/high_precision/s16_hip1_s16_u8_u8_u16_fac1	P1	reports/alarm_details/s16_hip1_s16_u8_u8_u16_fac1.md	reports/work_notes/s16_hip1_s16_u8_u8_u16_fac1_work_report.md
s16_mmv_s16_s16_s16_fac1	scripts/run_s16_mmv_s16_s16_s16_fac1_baseline.sh	scripts/high_precision/run_s16_mmv_s16_s16_s16_fac1_high_precision.sh	harnesses/P1/eva_main_s16_mmv_s16_s16_s16_fac1.c	src_analysis/sources/avrg_Ccode.c	results/baseline/s16_mmv_s16_s16_s16_fac1	results/high_precision/s16_mmv_s16_s16_s16_fac1	P1	reports/alarm_details/s16_mmv_s16_s16_s16_fac1.md	reports/work_notes/s16_mmv_s16_s16_s16_fac1_work_report.md
s16_mul_s16_s16_div_s16	scripts/run_s16_mul_s16_s16_div_s16_baseline.sh	scripts/high_precision/run_s16_mul_s16_s16_div_s16_high_precision.sh	harnesses/P1/eva_main_s16_mul_s16_s16_div_s16.c	src_analysis/sources/div_Ccode.c	results/baseline/s16_mul_s16_s16_div_s16	results/high_precision/s16_mul_s16_s16_div_s16	P1	reports/alarm_details/s16_mul_s16_s16_div_s16.md	reports/work_notes/s16_mul_s16_s16_div_s16_work_report.md
s16_mul_s16_s16_div_u16	scripts/run_s16_mul_s16_s16_div_u16_baseline.sh	scripts/high_precision/run_s16_mul_s16_s16_div_u16_high_precision.sh	harnesses/P1/eva_main_s16_mul_s16_s16_div_u16.c	src_analysis/sources/div_Ccode.c	results/baseline/s16_mul_s16_s16_div_u16	results/high_precision/s16_mul_s16_s16_div_u16	P1	reports/alarm_details/s16_mul_s16_s16_div_u16.md	reports/work_notes/s16_mul_s16_s16_div_u16_work_report.md
s16_mul_s16_u16_div_s16	scripts/run_s16_mul_s16_u16_div_s16_baseline.sh	scripts/high_precision/run_s16_mul_s16_u16_div_s16_high_precision.sh	harnesses/P1/eva_main_s16_mul_s16_u16_div_s16.c	src_analysis/sources/div_Ccode.c	results/baseline/s16_mul_s16_u16_div_s16	results/high_precision/s16_mul_s16_u16_div_s16	P1	reports/alarm_details/s16_mul_s16_u16_div_s16.md	reports/work_notes/s16_mul_s16_u16_div_s16_work_report.md
s16_mul_s16_u16_fac025	scripts/run_s16_mul_s16_u16_fac025_baseline.sh	scripts/high_precision/run_s16_mul_s16_u16_fac025_high_precision.sh	harnesses/P0/eva_main_s16_mul_s16_u16_fac025.c	src_analysis/sources/mul_Ccode.c	results/baseline/s16_mul_s16_u16_fac025	results/high_precision/s16_mul_s16_u16_fac025	P0	reports/alarm_details/s16_mul_s16_u16_fac025.md	reports/work_notes/s16_mul_s16_u16_fac025_work_report.md
s16_mul_u16_s16_div_u16	scripts/run_s16_mul_u16_s16_div_u16_baseline.sh	scripts/high_precision/run_s16_mul_u16_s16_div_u16_high_precision.sh	harnesses/P1/eva_main_s16_mul_u16_s16_div_u16.c	src_analysis/sources/div_Ccode.c	results/baseline/s16_mul_u16_s16_div_u16	results/high_precision/s16_mul_u16_s16_div_u16	P1	reports/alarm_details/s16_mul_u16_s16_div_u16.md	reports/work_notes/s16_mul_u16_s16_div_u16_work_report.md
s16_sin_u32	scripts/run_s16_sin_u32_baseline.sh	scripts/high_precision/run_s16_sin_u32_high_precision.sh	harnesses/P0/eva_main_s16_sin_u32.c	src_analysis/sources/trig_Ccode.c	results/baseline/s16_sin_u32	results/high_precision/s16_sin_u32	P0	reports/alarm_details/s16_sin_u32.md	reports/work_notes/s16_sin_u32_work_report.md
s16_tan_u32	scripts/run_s16_tan_u32_baseline.sh	scripts/high_precision/run_s16_tan_u32_high_precision.sh	harnesses/P0/eva_main_s16_tan_u32.c	src_analysis/sources/trig_Ccode.c	results/baseline/s16_tan_u32	results/high_precision/s16_tan_u32	P0	reports/alarm_details/s16_tan_u32.md	reports/work_notes/s16_tan_u32_work_report.md
s32_div_s32_s32	scripts/run_s32_div_s32_s32_baseline.sh	scripts/high_precision/run_s32_div_s32_s32_high_precision.sh	harnesses/P0/eva_main_s32_div_s32_s32.c	src_analysis/sources/div_Ccode.c	results/baseline/s32_div_s32_s32	results/high_precision/s32_div_s32_s32	P0	reports/alarm_details/s32_div_s32_s32.md	reports/work_notes/s32_div_s32_s32_work_report.md
s32_div_s32_u32	scripts/run_s32_div_s32_u32_baseline.sh	scripts/high_precision/run_s32_div_s32_u32_high_precision.sh	harnesses/P0/eva_main_s32_div_s32_u32.c	src_analysis/sources/div_Ccode.c	results/baseline/s32_div_s32_u32	results/high_precision/s32_div_s32_u32	P0	reports/alarm_details/s32_div_s32_u32.md	reports/work_notes/s32_div_s32_u32_work_report.md
s32_div_u32_s32	scripts/run_s32_div_u32_s32_baseline.sh	scripts/high_precision/run_s32_div_u32_s32_high_precision.sh	harnesses/P0/eva_main_s32_div_u32_s32.c	src_analysis/sources/div_Ccode.c	results/baseline/s32_div_u32_s32	results/high_precision/s32_div_u32_s32	P0	reports/alarm_details/s32_div_u32_s32.md	reports/work_notes/s32_div_u32_s32_work_report.md
s32_mul_s32_s16_fac2	scripts/run_s32_mul_s32_s16_fac2_baseline.sh	scripts/high_precision/run_s32_mul_s32_s16_fac2_high_precision.sh	harnesses/P1/eva_main_s32_mul_s32_s16_fac2.c	src_analysis/sources/mul_Ccode.c;src_analysis/sources/MulHword.c	results/baseline/s32_mul_s32_s16_fac2	results/high_precision/s32_mul_s32_s16_fac2	P1	reports/alarm_details/s32_mul_s32_s16_fac2.md	reports/work_notes/s32_mul_s32_s16_fac2_work_report.md
s32_mul_s32_s32	scripts/run_s32_mul_s32_s32_baseline.sh	scripts/high_precision/run_s32_mul_s32_s32_high_precision.sh	harnesses/P1/eva_main_s32_mul_s32_s32.c	src_analysis/sources/mul_Ccode.c;src_analysis/sources/MulHword.c	results/baseline/s32_mul_s32_s32	results/high_precision/s32_mul_s32_s32	P1	reports/alarm_details/s32_mul_s32_s32.md	reports/work_notes/s32_mul_s32_s32_work_report.md
s32_mul_s32_s32_fac2	scripts/run_s32_mul_s32_s32_fac2_baseline.sh	scripts/high_precision/run_s32_mul_s32_s32_fac2_high_precision.sh	harnesses/P1/eva_main_s32_mul_s32_s32_fac2.c	src_analysis/sources/mul_Ccode.c;src_analysis/sources/MulHword.c	results/baseline/s32_mul_s32_s32_fac2	results/high_precision/s32_mul_s32_s32_fac2	P1	reports/alarm_details/s32_mul_s32_s32_fac2.md	reports/work_notes/s32_mul_s32_s32_fac2_work_report.md
s32_mul_s32_s32_fac_twopow_u8	scripts/run_s32_mul_s32_s32_fac_twopow_u8_baseline.sh	scripts/high_precision/run_s32_mul_s32_s32_fac_twopow_u8_high_precision.sh	harnesses/P0/eva_main_s32_mul_s32_s32_fac_twopow_u8.c	src_analysis/sources/mul_Ccode.c;src_analysis/sources/MulHword.c	results/baseline/s32_mul_s32_s32_fac_twopow_u8	results/high_precision/s32_mul_s32_s32_fac_twopow_u8	P0	reports/alarm_details/s32_mul_s32_s32_fac_twopow_u8.md	reports/work_notes/s32_mul_s32_s32_fac_twopow_u8_work_report.md
s32_mul_s32_s8_fac2	scripts/run_s32_mul_s32_s8_fac2_baseline.sh	scripts/high_precision/run_s32_mul_s32_s8_fac2_high_precision.sh	harnesses/P1/eva_main_s32_mul_s32_s8_fac2.c	src_analysis/sources/mul_Ccode.c;src_analysis/sources/MulHword.c	results/baseline/s32_mul_s32_s8_fac2	results/high_precision/s32_mul_s32_s8_fac2	P1	reports/alarm_details/s32_mul_s32_s8_fac2.md	reports/work_notes/s32_mul_s32_s8_fac2_work_report.md
s32_mul_s32_u16	scripts/run_s32_mul_s32_u16_baseline.sh	scripts/high_precision/run_s32_mul_s32_u16_high_precision.sh	harnesses/P1/eva_main_s32_mul_s32_u16.c	src_analysis/sources/mul_Ccode.c	results/baseline/s32_mul_s32_u16	results/high_precision/s32_mul_s32_u16	P1	reports/alarm_details/s32_mul_s32_u16.md	reports/work_notes/s32_mul_s32_u16_work_report.md
s32_mul_u32_s32	scripts/run_s32_mul_u32_s32_baseline.sh	scripts/high_precision/run_s32_mul_u32_s32_high_precision.sh	harnesses/P0/eva_main_s32_mul_u32_s32.c	src_analysis/sources/mul_Ccode.c	results/baseline/s32_mul_u32_s32	results/high_precision/s32_mul_u32_s32	P0	reports/alarm_details/s32_mul_u32_s32.md	reports/work_notes/s32_mul_u32_s32_work_report.md
u16_cos_u16	scripts/run_u16_cos_u16_baseline.sh	scripts/high_precision/run_u16_cos_u16_high_precision.sh	harnesses/P0/eva_main_u16_cos_u16.c	src_analysis/sources/trig_Ccode.c	results/baseline/u16_cos_u16	results/high_precision/u16_cos_u16	P0	reports/alarm_details/u16_cos_u16.md	reports/work_notes/u16_cos_u16_work_report.md
u16_div_s32_u16	scripts/run_u16_div_s32_u16_baseline.sh	scripts/high_precision/run_u16_div_s32_u16_high_precision.sh	harnesses/P1/eva_main_u16_div_s32_u16.c	src_analysis/sources/div_Ccode.c	results/baseline/u16_div_s32_u16	results/high_precision/u16_div_s32_u16	P1	reports/alarm_details/u16_div_s32_u16.md	reports/work_notes/u16_div_s32_u16_work_report.md
u16_mmv_u16_u16_s16_fac1	scripts/run_u16_mmv_u16_u16_s16_fac1_baseline.sh	scripts/high_precision/run_u16_mmv_u16_u16_s16_fac1_high_precision.sh	harnesses/P0/eva_main_u16_mmv_u16_u16_s16_fac1.c	src_analysis/sources/avrg_Ccode.c	results/baseline/u16_mmv_u16_u16_s16_fac1	results/high_precision/u16_mmv_u16_u16_s16_fac1	P0	reports/alarm_details/u16_mmv_u16_u16_s16_fac1.md	reports/work_notes/u16_mmv_u16_u16_s16_fac1_work_report.md
u16_mul_s16_u16_div_s16	scripts/run_u16_mul_s16_u16_div_s16_baseline.sh	scripts/high_precision/run_u16_mul_s16_u16_div_s16_high_precision.sh	harnesses/P1/eva_main_u16_mul_s16_u16_div_s16.c	src_analysis/sources/div_Ccode.c	results/baseline/u16_mul_s16_u16_div_s16	results/high_precision/u16_mul_s16_u16_div_s16	P1	reports/alarm_details/u16_mul_s16_u16_div_s16.md	reports/work_notes/u16_mul_s16_u16_div_s16_work_report.md
u16_mul_s16_u16_div_u16	scripts/run_u16_mul_s16_u16_div_u16_baseline.sh	scripts/high_precision/run_u16_mul_s16_u16_div_u16_high_precision.sh	harnesses/P1/eva_main_u16_mul_s16_u16_div_u16.c	src_analysis/sources/div_Ccode.c	results/baseline/u16_mul_s16_u16_div_u16	results/high_precision/u16_mul_s16_u16_div_u16	P1	reports/alarm_details/u16_mul_s16_u16_div_u16.md	reports/work_notes/u16_mul_s16_u16_div_u16_work_report.md
u16_mul_u16_u8_fac8	scripts/run_u16_mul_u16_u8_fac8_baseline.sh	scripts/high_precision/run_u16_mul_u16_u8_fac8_high_precision.sh	harnesses/P0/eva_main_u16_mul_u16_u8_fac8.c	src_analysis/sources/mul_Ccode.c	results/baseline/u16_mul_u16_u8_fac8	results/high_precision/u16_mul_u16_u8_fac8	P0	reports/alarm_details/u16_mul_u16_u8_fac8.md	reports/work_notes/u16_mul_u16_u8_fac8_work_report.md
u16_sin_u16	scripts/run_u16_sin_u16_baseline.sh	scripts/high_precision/run_u16_sin_u16_high_precision.sh	harnesses/P1/eva_main_u16_sin_u16.c	src_analysis/sources/trig_Ccode.c	results/baseline/u16_sin_u16	results/high_precision/u16_sin_u16	P1	reports/alarm_details/u16_sin_u16.md	reports/work_notes/u16_sin_u16_work_report.md
u16_tan_u16	scripts/run_u16_tan_u16_baseline.sh	scripts/high_precision/run_u16_tan_u16_high_precision.sh	harnesses/P0/eva_main_u16_tan_u16.c	src_analysis/sources/trig_Ccode.c	results/baseline/u16_tan_u16	results/high_precision/u16_tan_u16	P0	reports/alarm_details/u16_tan_u16.md	reports/work_notes/u16_tan_u16_work_report.md
u32_div_s32_s32	scripts/run_u32_div_s32_s32_baseline.sh	scripts/high_precision/run_u32_div_s32_s32_high_precision.sh	harnesses/P1/eva_main_u32_div_s32_s32.c	src_analysis/sources/div_Ccode.c	results/baseline/u32_div_s32_s32	results/high_precision/u32_div_s32_s32	P1	reports/alarm_details/u32_div_s32_s32.md	reports/work_notes/u32_div_s32_s32_work_report.md
u32_div_s32_u32	scripts/run_u32_div_s32_u32_baseline.sh	scripts/high_precision/run_u32_div_s32_u32_high_precision.sh	harnesses/P1/eva_main_u32_div_s32_u32.c	src_analysis/sources/div_Ccode.c	results/baseline/u32_div_s32_u32	results/high_precision/u32_div_s32_u32	P1	reports/alarm_details/u32_div_s32_u32.md	reports/work_notes/u32_div_s32_u32_work_report.md
u32_div_u32_s32	scripts/run_u32_div_u32_s32_baseline.sh	scripts/high_precision/run_u32_div_u32_s32_high_precision.sh	harnesses/P1/eva_main_u32_div_u32_s32.c	src_analysis/sources/div_Ccode.c	results/baseline/u32_div_u32_s32	results/high_precision/u32_div_u32_s32	P1	reports/alarm_details/u32_div_u32_s32.md	reports/work_notes/u32_div_u32_s32_work_report.md
u32_mmv_u32_u32_s32_fac1	scripts/run_u32_mmv_u32_u32_s32_fac1_baseline.sh	scripts/high_precision/run_u32_mmv_u32_u32_s32_fac1_high_precision.sh	harnesses/P0/eva_main_u32_mmv_u32_u32_s32_fac1.c	src_analysis/sources/avrg_Ccode.c	results/baseline/u32_mmv_u32_u32_s32_fac1	results/high_precision/u32_mmv_u32_u32_s32_fac1	P0	reports/alarm_details/u32_mmv_u32_u32_s32_fac1.md	reports/work_notes/u32_mmv_u32_u32_s32_fac1_work_report.md
