function	parse_run1_s	parse_run2_s	parse_run3_s	parse_median_s	parse_mean_s	eva_run1_s	eva_run2_s	eva_run3_s	eva_median_s	eva_mean_s	total_run1_s	total_run2_s	total_run3_s	total_median_s	total_mean_s	eva_max_rss_median_kib	all_runs_valid
root_s32_mul_s32_s16_fac_less1	1.10	1.05	1.04	1.05	1.06	1.02	0.87	0.85	0.87	0.91	2.12	1.92	1.89	1.92	1.98	133936.00	true
root_s32_mul_s32_s8_fac_less1	1.00	1.02	1.10	1.02	1.04	0.87	0.83	0.80	0.83	0.83	1.87	1.85	1.90	1.87	1.87	132556.00	true
root_s32_mul_s32_u16_fac_less1	1.03	1.03	0.99	1.03	1.02	0.80	0.80	0.84	0.80	0.81	1.83	1.83	1.83	1.83	1.83	133680.00	true
root_s32_mul_s32_u8_fac_less1	1.04	1.13	1.08	1.08	1.08	0.82	0.88	0.82	0.82	0.84	1.86	2.01	1.90	1.90	1.92	131860.00	true
root_u32_mul_u32_s16_fac_less1	1.06	1.36	1.03	1.06	1.15	0.77	0.82	0.86	0.82	0.82	1.83	2.18	1.89	1.89	1.97	132440.00	true
root_u32_mul_u32_s32_fac_less1	1.03	1.01	1.06	1.03	1.03	0.77	0.78	0.88	0.78	0.81	1.80	1.79	1.94	1.80	1.84	131912.00	true
root_u32_mul_u32_s8_fac_less1	1.03	1.02	1.12	1.03	1.06	0.78	0.76	0.82	0.78	0.79	1.81	1.78	1.94	1.81	1.84	131800.00	true
rotateLeft	1.14	0.81	0.76	0.81	0.90	6.58	6.38	6.54	6.54	6.50	7.72	7.19	7.30	7.30	7.40	158384.00	true
rotateRight	0.83	1.09	0.94	0.94	0.95	0.66	0.68	0.62	0.66	0.65	1.49	1.77	1.56	1.56	1.61	127228.00	true
s16_cos_u32	0.85	0.68	1.12	0.85	0.88	0.93	0.62	0.50	0.62	0.68	1.78	1.30	1.62	1.62	1.57	110320.00	true
s16_div_s32_s16	0.73	0.74	0.78	0.74	0.75	0.63	0.67	0.69	0.67	0.66	1.36	1.41	1.47	1.41	1.41	127752.00	true
s16_div_s32_u32	0.78	0.84	0.78	0.78	0.80	0.82	0.78	0.65	0.78	0.75	1.60	1.62	1.43	1.60	1.55	127032.00	true
s16_fac05_div_s16_s16	0.83	0.82	1.12	0.83	0.92	0.76	0.89	1.17	0.89	0.94	1.59	1.71	2.29	1.71	1.86	127284.00	true
s16_fac05_div_s16_u16	1.21	0.83	0.85	0.85	0.96	0.77	0.71	0.94	0.77	0.81	1.98	1.54	1.79	1.79	1.77	128036.00	true
s16_hip1_s16_s8_s8_u16_fac1	0.77	0.70	0.98	0.77	0.82	0.85	0.60	1.01	0.85	0.82	1.62	1.30	1.99	1.62	1.64	110680.00	true
s16_hip1_s16_u8_u8_u16_fac1	0.76	1.24	0.76	0.76	0.92	0.83	0.78	0.60	0.78	0.74	1.59	2.02	1.36	1.59	1.66	110884.00	true
s16_mmv_s16_s16_s16_fac1	0.78	0.83	0.86	0.83	0.82	0.62	0.69	0.73	0.69	0.68	1.40	1.52	1.59	1.52	1.50	126700.00	true
s16_mul_s16_s16_div_s16	0.88	0.81	0.73	0.81	0.81	0.78	0.60	0.61	0.61	0.66	1.66	1.41	1.34	1.41	1.47	127136.00	true
s16_mul_s16_s16_div_u16	0.95	0.88	0.87	0.88	0.90	0.67	0.73	0.74	0.73	0.71	1.62	1.61	1.61	1.61	1.61	127156.00	true
s16_mul_s16_u16_div_s16	0.77	0.78	0.75	0.77	0.77	0.67	0.69	0.61	0.67	0.66	1.44	1.47	1.36	1.44	1.42	127048.00	true
s16_mul_s16_u16_fac025	0.95	1.01	0.99	0.99	0.98	0.73	1.05	0.77	0.77	0.85	1.68	2.06	1.76	1.76	1.83	130988.00	true
s16_mul_u16_s16_div_u16	0.79	0.84	0.82	0.82	0.82	0.74	0.72	0.69	0.72	0.72	1.53	1.56	1.51	1.53	1.53	127172.00	true
s16_sin_u32	0.65	0.80	0.69	0.69	0.71	0.52	0.56	0.55	0.55	0.54	1.17	1.36	1.24	1.24	1.26	110412.00	true
s16_tan_u32	0.77	0.71	0.92	0.77	0.80	0.58	0.54	0.60	0.58	0.57	1.35	1.25	1.52	1.35	1.37	110292.00	true
s32_div_s32_s32	0.81	0.89	0.84	0.84	0.85	0.66	0.80	0.64	0.66	0.70	1.47	1.69	1.48	1.48	1.55	127344.00	true
s32_div_s32_u32	0.74	0.78	0.72	0.74	0.75	0.60	0.60	0.71	0.60	0.64	1.34	1.38	1.43	1.38	1.38	127168.00	true
s32_div_u32_s32	0.79	0.80	0.77	0.79	0.79	0.68	0.69	0.64	0.68	0.67	1.47	1.49	1.41	1.47	1.46	126916.00	true
s32_mul_s32_s16_fac2	1.02	1.03	1.01	1.02	1.02	0.85	0.79	0.91	0.85	0.85	1.87	1.82	1.92	1.87	1.87	134584.00	true
s32_mul_s32_s32	1.25	1.06	1.16	1.16	1.16	0.93	0.88	0.85	0.88	0.89	2.18	1.94	2.01	2.01	2.04	132568.00	true
s32_mul_s32_s32_fac2	1.11	1.15	0.94	1.11	1.07	0.84	0.83	0.76	0.83	0.81	1.95	1.98	1.70	1.95	1.88	132464.00	true
s32_mul_s32_s32_fac_twopow_u8	0.99	0.92	0.97	0.97	0.96	0.80	0.78	0.80	0.80	0.79	1.79	1.70	1.77	1.77	1.75	132660.00	true
s32_mul_s32_s8_fac2	0.98	0.99	0.98	0.98	0.98	0.79	0.79	0.79	0.79	0.79	1.77	1.78	1.77	1.77	1.77	132088.00	true
s32_mul_s32_u16	0.88	0.90	0.93	0.90	0.90	0.71	0.72	0.73	0.72	0.72	1.59	1.62	1.66	1.62	1.62	131148.00	true
s32_mul_u32_s32	0.91	0.90	0.91	0.91	0.91	0.72	0.73	0.71	0.72	0.72	1.63	1.63	1.62	1.63	1.63	131272.00	true
u16_cos_u16	0.60	0.61	0.63	0.61	0.61	0.49	0.60	0.51	0.51	0.53	1.09	1.21	1.14	1.14	1.15	110124.00	true
u16_div_s32_u16	0.79	0.70	0.76	0.76	0.75	0.61	0.64	0.68	0.64	0.64	1.40	1.34	1.44	1.40	1.39	132484.00	true
u16_mmv_u16_u16_s16_fac1	0.71	0.70	0.71	0.71	0.71	0.60	0.56	0.63	0.60	0.60	1.31	1.26	1.34	1.31	1.30	126640.00	true
u16_mul_s16_u16_div_s16	0.70	0.76	0.73	0.73	0.73	0.60	0.64	0.61	0.61	0.62	1.30	1.40	1.34	1.34	1.35	127164.00	true
u16_mul_s16_u16_div_u16	0.73	0.76	0.79	0.76	0.76	0.62	0.64	0.62	0.62	0.63	1.35	1.40	1.41	1.40	1.39	127024.00	true
u16_mul_u16_u8_fac8	0.97	0.94	0.86	0.94	0.92	0.94	0.69	0.69	0.69	0.77	1.91	1.63	1.55	1.63	1.70	131704.00	true
u16_sin_u16	0.61	0.60	0.64	0.61	0.62	2.39	2.55	2.55	2.55	2.50	3.00	3.15	3.19	3.15	3.11	152872.00	true
u16_tan_u16	0.61	0.62	0.64	0.62	0.62	0.50	0.50	0.50	0.50	0.50	1.11	1.12	1.14	1.12	1.12	110364.00	true
u32_div_s32_s32	0.69	0.73	0.71	0.71	0.71	0.63	0.60	0.58	0.60	0.60	1.32	1.33	1.29	1.32	1.31	127196.00	true
u32_div_s32_u32	0.73	0.73	0.73	0.73	0.73	0.61	0.61	0.60	0.61	0.61	1.34	1.34	1.33	1.34	1.34	127040.00	true
u32_div_u32_s32	0.76	0.75	0.74	0.75	0.75	0.63	0.60	0.59	0.60	0.61	1.39	1.35	1.33	1.35	1.36	126944.00	true
u32_mmv_u32_u32_s32_fac1	0.68	0.68	0.69	0.68	0.68	0.54	0.56	0.56	0.56	0.55	1.22	1.24	1.25	1.24	1.24	126900.00	true
